CategoryName	ProductCode	ProductName	OriginalPrice	SalePrice	Discount	Description	VariantId	ProductUrl	ProductImages
bestselling-001	1	INDIRA ENCHANTED	"Rs.5,180.00"	"Rs.2,550.00"	Save 51%	"Tote Bag in canvas fabric with zip closure. Single compartment, two hand carry Leather handles"	46117303124193	https://totewears.com/collections/best-selling-%F0%9F%94%A5/products/canvas-bags-e302	bestselling-001-1-00001.jpg | bestselling-001-1-00002.jpg | bestselling-001-1-00003.jpg | bestselling-001-1-00004.jpg | bestselling-001-1-00005.jpg | bestselling-001-1-00006.jpg
bestselling-001	2	ORNATE BLOOM	"Rs.4,600.00"	"Rs.1,990.00"	Save 57%	"? PREMIUM ORNATE BLOOM CANVAS TOTE BAG FOR WOMEN This premium canvas tote bag is designed for women who love classy, artistic, and floral styles.The sturdy handles are detailed with a soft teal chevron pattern, offering both comfort and durability. Whether you're heading to a casual outing, shopping trip, or festive gathering, this bag is sure to make a statement..Each detail celebrates color, life, and effortless style.this tote offers elegant symmetrical detailing for a truly timeless and eye-catching look. Lightweight yet highly durable, it’s perfect for daily use, university, office, travel, and shopping. The strong knotted double handles and structured finishing make it both stylish and long-lasting. A secure zip closure keeps your belongings safe, while the spacious interior with an inside pocket easily fits your books, laptop/tablet, wallet, and daily essentials. ?? SIZE CHART (IN INCHES) Length Width Depth 13 16 4 ?? KEY FEATURES Premium thick canvas material High-quality artistic floral & folk prints Secure zip closure Strong knotted double handles Spacious interior with inside pocket Fits books, laptop/tablet, wallet & accessories Lightweight, durable & eco-friendly Stylish yet practical for everyday use ?? CARE INSTRUCTIONS Gently wipe with a soft damp cloth when needed Avoid machine wash to maintain print quality Do not soak in water or use bleach Store in a cool, dry place Keep away from sharp objects to prevent scratches"	46492603580641	https://totewears.com/collections/best-selling-%F0%9F%94%A5/products/heritage-bloom-tote	bestselling-001-2-00001.jpg | bestselling-001-2-00002.jpg | bestselling-001-2-00003.jpg
bestselling-001	3	MIDNIGHT BLOSSOM TOTE	"Rs.4,800.00"	"Rs.1,990.00"	Save 59%	"? PREMIUM MIDNIGHT BLOSSOM TOTE CANVAS TOTE BAG FOR WOMEN This premium canvas tote bag is designed for women who love classy, artistic, and floral styles.the Midnight Blossom Tote — a perfect blend of timeless black canvas and enchanting floral artistry.Each detail celebrates color, life, and effortless style.this tote offers elegant symmetrical detailing for a truly timeless and eye-catching look. Lightweight yet highly durable, it’s perfect for daily use, university, office, travel, and shopping. The strong knotted double handles and structured finishing make it both stylish and long-lasting. A secure zip closure keeps your belongings safe, while the spacious interior with an inside pocket easily fits your books, laptop/tablet, wallet, and daily essentials. ?? SIZE CHART (IN INCHES) Length Width Depth 13 16 4 ?? KEY FEATURES Premium thick canvas material High-quality artistic floral & folk prints Secure zip closure Strong knotted double handles Spacious interior with inside pocket Fits books, laptop/tablet, wallet & accessories Lightweight, durable & eco-friendly Stylish yet practical for everyday use ?? CARE INSTRUCTIONS Gently wipe with a soft damp cloth when needed Avoid machine wash to maintain print quality Do not soak in water or use bleach Store in a cool, dry place Keep away from sharp objects to prevent scratches"	46559755862241	https://totewears.com/collections/best-selling-%F0%9F%94%A5/products/midnight-blossom-tote	bestselling-001-3-00001.jpg | bestselling-001-3-00002.jpg | bestselling-001-3-00003.jpg | bestselling-001-3-00004.jpg
bestselling-001	4	CELESTIAL NOIR	"Rs.4,800.00"	"Rs.1,990.00"	Save 59%	"? PREMIUM CELESTIAL NOIR CANVAS TOTE BAG FOR WOMEN This premium canvas tote bag is designed for women who love classy, artistic, and floral styles.The Celestial Noir tote captures the mystical elegance of the universe through a striking mandala design — detailed, balanced, and endlessly graceful. Crafted in deep black with intricate white linework, this bag is a symbol of inner harmony and bold style. Whether you're heading to a gallery, café, or a weekend getaway, this tote speaks volumes without saying a word..Each detail celebrates color, life, and effortless style.this tote offers elegant symmetrical detailing for a truly timeless and eye-catching look. Lightweight yet highly durable, it’s perfect for daily use, university, office, travel, and shopping. The strong knotted double handles and structured finishing make it both stylish and long-lasting. A secure zip closure keeps your belongings safe, while the spacious interior with an inside pocket easily fits your books, laptop/tablet, wallet, and daily essentials. ?? SIZE CHART (IN INCHES) Length Width Depth 13 16 4 ?? KEY FEATURES Premium thick canvas material High-quality artistic floral & folk prints Secure zip closure Strong knotted double handles Spacious interior with inside pocket Fits books, laptop/tablet, wallet & accessories Lightweight, durable & eco-friendly Stylish yet practical for everyday use ?? CARE INSTRUCTIONS Gently wipe with a soft damp cloth when needed Avoid machine wash to maintain print quality Do not soak in water or use bleach Store in a cool, dry place Keep away from sharp objects to prevent scratches"	4.66049E+13	https://totewears.com/collections/best-selling-%F0%9F%94%A5/products/celestial-noir	bestselling-001-4-00001.jpg | bestselling-001-4-00002.jpg | bestselling-001-4-00003.jpg
bestselling-001	5	CULTURAL BLOOM BAG	"Rs.4,600.00"	"Rs.1,990.00"	Save 57%	"? PREMIUM CULTURAL BLOOM BAG CANVAS TOTE BAG FOR WOMEN This premium canvas tote bag is designed for women who love classy, artistic, and floral styles.The sturdy handles are detailed with a soft teal chevron pattern, offering both comfort and durability. Whether you're heading to a casual outing, shopping trip, or festive gathering, this bag is sure to make a statement..Each detail celebrates color, life, and effortless style.this tote offers elegant symmetrical detailing for a truly timeless and eye-catching look. Lightweight yet highly durable, it’s perfect for daily use, university, office, travel, and shopping. The strong knotted double handles and structured finishing make it both stylish and long-lasting. A secure zip closure keeps your belongings safe, while the spacious interior with an inside pocket easily fits your books, laptop/tablet, wallet, and daily essentials. ?? SIZE CHART (IN INCHES) Length Width Depth 13 16 4 ?? KEY FEATURES Premium thick canvas material High-quality artistic floral & folk prints Secure zip closure Strong knotted double handles Spacious interior with inside pocket Fits books, laptop/tablet, wallet & accessories Lightweight, durable & eco-friendly Stylish yet practical for everyday use ?? CARE INSTRUCTIONS Gently wipe with a soft damp cloth when needed Avoid machine wash to maintain print quality Do not soak in water or use bleach Store in a cool, dry place Keep away from sharp objects to prevent scratches"	4.63319E+13	https://totewears.com/collections/best-selling-%F0%9F%94%A5/products/cultural-bloom-bag	bestselling-001-5-00001.jpg | bestselling-001-5-00002.jpg | bestselling-001-5-00003.jpg
bestselling-001	6	FLORAL GEO TOTE	"Rs.4,600.00"	"Rs.1,990.00"	Save 57%	"? PREMIUM FLORAL GEO TOTE CANVAS TOTE BAG FOR WOMEN This premium canvas tote bag is designed for women who love classy, artistic, and floral styles.Step out in style with our Floral Geo Tote, a perfect fusion of timeless tradition and contemporary design. Crafted from durable canvas, this bag features a striking geometric black-and-white pattern beautifully contrasted with bold red floral accents along the border.Each detail celebrates color, life, and effortless style.this tote offers elegant symmetrical detailing for a truly timeless and eye-catching look. Lightweight yet highly durable, it’s perfect for daily use, university, office, travel, and shopping. The strong knotted double handles and structured finishing make it both stylish and long-lasting. A secure zip closure keeps your belongings safe, while the spacious interior with an inside pocket easily fits your books, laptop/tablet, wallet, and daily essentials. ?? SIZE CHART (IN INCHES) Length Width Depth 13 16 4 ?? KEY FEATURES Premium thick canvas material High-quality artistic floral & folk prints Secure zip closure Strong knotted double handles Spacious interior with inside pocket Fits books, laptop/tablet, wallet & accessories Lightweight, durable & eco-friendly Stylish yet practical for everyday use ?? CARE INSTRUCTIONS Gently wipe with a soft damp cloth when needed Avoid machine wash to maintain print quality Do not soak in water or use bleach Store in a cool, dry place Keep away from sharp objects to prevent scratches"	4.63152E+13	https://totewears.com/collections/best-selling-%F0%9F%94%A5/products/floral-geo-tote	bestselling-001-6-00001.jpg | bestselling-001-6-00002.jpg
bestselling-001	7	COASTAL CHARM PATCH TOTE	"Rs.4,600.00"	"Rs.1,990.00"	Save 57%	"? PREMIUM COASTAL CHARM PATCH TOTE CANVAS TOTE BAG FOR WOMEN This premium canvas tote bag is designed for women who love classy, artistic, and floral styles.The sturdy handles are detailed with a soft teal chevron pattern, offering both comfort and durability. Whether you're heading to a casual outing, shopping trip, or festive gathering, this bag is sure to make a statement..Each detail celebrates color, life, and effortless style.this tote offers elegant symmetrical detailing for a truly timeless and eye-catching look. Lightweight yet highly durable, it’s perfect for daily use, university, office, travel, and shopping. The strong knotted double handles and structured finishing make it both stylish and long-lasting. A secure zip closure keeps your belongings safe, while the spacious interior with an inside pocket easily fits your books, laptop/tablet, wallet, and daily essentials. ?? SIZE CHART (IN INCHES) Length Width Depth 13 16 4 ?? KEY FEATURES Premium thick canvas material High-quality artistic floral & folk prints Secure zip closure Strong knotted double handles Spacious interior with inside pocket Fits books, laptop/tablet, wallet & accessories Lightweight, durable & eco-friendly Stylish yet practical for everyday use ?? CARE INSTRUCTIONS Gently wipe with a soft damp cloth when needed Avoid machine wash to maintain print quality Do not soak in water or use bleach Store in a cool, dry place Keep away from sharp objects to prevent scratches"	4.63802E+13	https://totewears.com/collections/best-selling-%F0%9F%94%A5/products/coastal-charm-patch-tote	bestselling-001-7-00001.jpg | bestselling-001-7-00002.jpg | bestselling-001-7-00003.jpg
bestselling-001	8	MEHFIL MOSAIC	"Rs.4,800.00"	"Rs.1,990.00"	Save 59%	"? PREMIUM MEHFIL MOSAIC TOTE BAG FOR WOMEN This premium canvas tote bag is designed for women who love classy, artistic, and floral styles.Step into a world of timeless charm with Mehfil Mosaic — a tote bag inspired by the vibrant gatherings of art, music, and culture. Each intricate thread is a tribute to our heritage, brought to life in a modern silhouette.Each detail celebrates color, life, and effortless style.this tote offers elegant symmetrical detailing for a truly timeless and eye-catching look. Lightweight yet highly durable, it’s perfect for daily use, university, office, travel, and shopping. The strong knotted double handles and structured finishing make it both stylish and long-lasting. A secure zip closure keeps your belongings safe, while the spacious interior with an inside pocket easily fits your books, laptop/tablet, wallet, and daily essentials. ?? SIZE CHART (IN INCHES) Length Width Depth 13 16 4 ?? KEY FEATURES Premium thick canvas material High-quality artistic floral & folk prints Secure zip closure Strong knotted double handles Spacious interior with inside pocket Fits books, laptop/tablet, wallet & accessories Lightweight, durable & eco-friendly Stylish yet practical for everyday use ?? CARE INSTRUCTIONS Gently wipe with a soft damp cloth when needed Avoid machine wash to maintain print quality Do not soak in water or use bleach Store in a cool, dry place Keep away from sharp objects to prevent scratches"	4.65598E+13	https://totewears.com/collections/best-selling-%F0%9F%94%A5/products/mehfil-mosaic	bestselling-001-8-00001.jpg | bestselling-001-8-00002.jpg | bestselling-001-8-00003.jpg | bestselling-001-8-00004.jpg
bestselling-001	9	EMBROCHARM VINTAGE BLACK	"Rs.5,200.00"	"Rs.2,600.00"	Save 50%	"This elegant tote bag features a sophisticated black-and-white floral pattern, making it a timeless and versatile accessory. The bag is designed with sturdy black faux leather handles and trim, adding a touch of luxury and durability. Its structured silhouette ensures ample space for daily essentials, making it ideal for work, shopping, or casual outings. Gold-tone hardware accents provide a refined finish, while the side strap detail enhances its stylish appeal. Perfect for those who love a blend of classic charm and modern functionality, this bag is a statement piece for any wardrobe."	4.61967E+13	https://totewears.com/collections/best-selling-%F0%9F%94%A5/products/canvas-bags-t309	bestselling-001-9-00001.jpg | bestselling-001-9-00002.jpg | bestselling-001-9-00003.jpg | bestselling-001-9-00004.jpg
bestselling-001	10	ARAMÉ	"Rs.4,600.00"	"Rs.1,990.00"	Save 57%	"? PREMIUM ARAMÉ CANVAS TOTE BAG FOR WOMEN This premium canvas tote bag is designed for women who love classy, artistic, and floral styles.The sturdy handles are detailed with a soft teal chevron pattern, offering both comfort and durability. Whether you're heading to a casual outing, shopping trip, or festive gathering, this bag is sure to make a statement..Each detail celebrates color, life, and effortless style.this tote offers elegant symmetrical detailing for a truly timeless and eye-catching look. Lightweight yet highly durable, it’s perfect for daily use, university, office, travel, and shopping. The strong knotted double handles and structured finishing make it both stylish and long-lasting. A secure zip closure keeps your belongings safe, while the spacious interior with an inside pocket easily fits your books, laptop/tablet, wallet, and daily essentials. ?? SIZE CHART (IN INCHES) Length Width Depth 13 16 4 ?? KEY FEATURES Premium thick canvas material High-quality artistic floral & folk prints Secure zip closure Strong knotted double handles Spacious interior with inside pocket Fits books, laptop/tablet, wallet & accessories Lightweight, durable & eco-friendly Stylish yet practical for everyday use ?? CARE INSTRUCTIONS Gently wipe with a soft damp cloth when needed Avoid machine wash to maintain print quality Do not soak in water or use bleach Store in a cool, dry place Keep away from sharp objects to prevent scratches"	4.63561E+13	https://totewears.com/collections/best-selling-%F0%9F%94%A5/products/arame	bestselling-001-10-00001.jpg | bestselling-001-10-00002.jpg | bestselling-001-10-00003.jpg
bestselling-001	11	THE PEACOCK COURT		"Rs.1,990.00"		"? PREMIUM THE PEACOCK COURT CANVAS TOTE BAG FOR WOMEN This premium canvas tote bag is designed for women who love classy, artistic, and floral styles.Upgrade your wardrobe with this chic and timeless black & white tote bag, featuring a stunning floral and geometric pattern. Designed for modern women, this lightweight yet spacious handbag is perfect for work, shopping, or casual outings. Its sturdy handles ensure comfort and durability, making it a stylish and practical everyday accessory.Each detail celebrates color, life, and effortless style.this tote offers elegant symmetrical detailing for a truly timeless and eye-catching look. Lightweight yet highly durable, it’s perfect for daily use, university, office, travel, and shopping. The strong knotted double handles and structured finishing make it both stylish and long-lasting. A secure zip closure keeps your belongings safe, while the spacious interior with an inside pocket easily fits your books, laptop/tablet, wallet, and daily essentials. ?? SIZE CHART (IN INCHES) Length Width Depth 13 16 4 ?? KEY FEATURES Premium thick canvas material High-quality artistic floral & folk prints Secure zip closure Strong knotted double handles Spacious interior with inside pocket Fits books, laptop/tablet, wallet & accessories Lightweight, durable & eco-friendly Stylish yet practical for everyday use ?? CARE INSTRUCTIONS Gently wipe with a soft damp cloth when needed Avoid machine wash to maintain print quality Do not soak in water or use bleach Store in a cool, dry place Keep away from sharp objects to prevent scratches"	4.61173E+13	https://totewears.com/collections/best-selling-%F0%9F%94%A5/products/canvas-bags-e307	bestselling-001-11-00001.jpg | bestselling-001-11-00002.jpg
bestselling-001	12	GULNAAR TOTE	"Rs.4,800.00"	"Rs.1,990.00"	Save 59%	"? PREMIUM GULNAAR TOTE CANVAS TOTE BAG FOR WOMEN This premium canvas tote bag is designed for women who love classy, artistic, and floral styles.Add a burst of color to your wardrobe with our Gulnaar Tote Bag. Designed with an eye-catching pink block print and premium fabric, this tote blends tradition with modern style.Each detail celebrates color, life, and effortless style.this tote offers elegant symmetrical detailing for a truly timeless and eye-catching look. Lightweight yet highly durable, it’s perfect for daily use, university, office, travel, and shopping. The strong knotted double handles and structured finishing make it both stylish and long-lasting. A secure zip closure keeps your belongings safe, while the spacious interior with an inside pocket easily fits your books, laptop/tablet, wallet, and daily essentials. ?? SIZE CHART (IN INCHES) Length Width Depth 13 16 4 ?? KEY FEATURES Premium thick canvas material High-quality artistic floral & folk prints Secure zip closure Strong knotted double handles Spacious interior with inside pocket Fits books, laptop/tablet, wallet & accessories Lightweight, durable & eco-friendly Stylish yet practical for everyday use ?? CARE INSTRUCTIONS Gently wipe with a soft damp cloth when needed Avoid machine wash to maintain print quality Do not soak in water or use bleach Store in a cool, dry place Keep away from sharp objects to prevent scratches"	4.65661E+13	https://totewears.com/collections/best-selling-%F0%9F%94%A5/products/gulnaar-tote	bestselling-001-12-00001.jpg | bestselling-001-12-00002.jpg | bestselling-001-12-00003.jpg | bestselling-001-12-00004.jpg
bestselling-001	13	GRAFLORA	"Rs.4,800.00"	"Rs.1,990.00"	Save 59%	"? PREMIUM GRAFLORA CANVAS TOTE BAG FOR WOMEN This premium canvas tote bag is designed for women who love classy, artistic, and floral styles.Graflora is more than a bag — it’s a statement. Inspired by the raw beauty of hand-drawn florals and modern street-style energy, this tote brings together edgy art and soft blooms in perfect harmony.Each detail celebrates color, life, and effortless style.this tote offers elegant symmetrical detailing for a truly timeless and eye-catching look. Lightweight yet highly durable, it’s perfect for daily use, university, office, travel, and shopping. The strong knotted double handles and structured finishing make it both stylish and long-lasting. A secure zip closure keeps your belongings safe, while the spacious interior with an inside pocket easily fits your books, laptop/tablet, wallet, and daily essentials. ?? SIZE CHART (IN INCHES) Length Width Depth 13 16 4 ?? KEY FEATURES Premium thick canvas material High-quality artistic floral & folk prints Secure zip closure Strong knotted double handles Spacious interior with inside pocket Fits books, laptop/tablet, wallet & accessories Lightweight, durable & eco-friendly Stylish yet practical for everyday use ?? CARE INSTRUCTIONS Gently wipe with a soft damp cloth when needed Avoid machine wash to maintain print quality Do not soak in water or use bleach Store in a cool, dry place Keep away from sharp objects to prevent scratches"	4.65598E+13	https://totewears.com/collections/best-selling-%F0%9F%94%A5/products/graflora	bestselling-001-13-00001.jpg | bestselling-001-13-00002.jpg | bestselling-001-13-00003.jpg
bestselling-001	14	MULTICOLOR HERITAGE	"Rs.4,600.00"	"Rs.1,990.00"	Save 57%	"? PREMIUM MULTICOLOR HERITAGE CANVAS TOTE BAG FOR WOMEN This premium canvas tote bag is designed for women who love classy, artistic, and floral styles.The sturdy handles are detailed with a soft teal chevron pattern, offering both comfort and durability. Whether you're heading to a casual outing, shopping trip, or festive gathering, this bag is sure to make a statement..Each detail celebrates color, life, and effortless style.this tote offers elegant symmetrical detailing for a truly timeless and eye-catching look. Lightweight yet highly durable, it’s perfect for daily use, university, office, travel, and shopping. The strong knotted double handles and structured finishing make it both stylish and long-lasting. A secure zip closure keeps your belongings safe, while the spacious interior with an inside pocket easily fits your books, laptop/tablet, wallet, and daily essentials. ?? SIZE CHART (IN INCHES) Length Width Depth 13 16 4 ?? KEY FEATURES Premium thick canvas material High-quality artistic floral & folk prints Secure zip closure Strong knotted double handles Spacious interior with inside pocket Fits books, laptop/tablet, wallet & accessories Lightweight, durable & eco-friendly Stylish yet practical for everyday use ?? CARE INSTRUCTIONS Gently wipe with a soft damp cloth when needed Avoid machine wash to maintain print quality Do not soak in water or use bleach Store in a cool, dry place Keep away from sharp objects to prevent scratches"	4.63802E+13	https://totewears.com/collections/best-selling-%F0%9F%94%A5/products/multicolor-heritage-tote	bestselling-001-14-00001.jpg
bestselling-001	15	BLACK DIAMOND	"Rs.5,000.00"	"Rs.1,990.00"	Save 60%	"? PREMIUM BLACK DIAMOND CANVAS TOTE BAG FOR WOMEN This premium canvas tote bag is designed for women who love classy, artistic, and floral styles. Make a bold statement with our Zigzag Tote bag where timeless monochrome meets modern flair. Crafted from durable canvas, this oversized tote features a striking black and white zigzag ikat-inspired pattern that turns heads while complementing any outfit. The structured silhouette offers ample space for your essentials, whether you’re heading to work, the market, or a weekend getaway.Each detail celebrates color, life, and effortless style.this tote offers elegant symmetrical detailing for a truly timeless and eye-catching look. Lightweight yet highly durable, it’s perfect for daily use, university, office, travel, and shopping. The strong knotted double handles and structured finishing make it both stylish and long-lasting. A secure zip closure keeps your belongings safe, while the spacious interior with an inside pocket easily fits your books, laptop/tablet, wallet, and daily essentials. ?? SIZE CHART (IN INCHES) Length Width Depth 13 16 4 ?? KEY FEATURES Premium thick canvas material High-quality artistic floral & folk prints Secure zip closure Strong knotted double handles Spacious interior with inside pocket Fits books, laptop/tablet, wallet & accessories Lightweight, durable & eco-friendly Stylish yet practical for everyday use ?? CARE INSTRUCTIONS Gently wipe with a soft damp cloth when needed Avoid machine wash to maintain print quality Do not soak in water or use bleach Store in a cool, dry place Keep away from sharp objects to prevent scratches"	4.73493E+13	https://totewears.com/collections/best-selling-%F0%9F%94%A5/products/black-diamond	bestselling-001-15-00001.jpg | bestselling-001-15-00002.jpg | bestselling-001-15-00003.jpg | bestselling-001-15-00004.jpg | bestselling-001-15-00005.jpg
bestselling-001	16	SUNSHINE TOTE GREEN	"Rs.3,400.00"	"Rs.1,890.00"	Save 44%	"Elegance meets versatility in our beautiful Scrunchie Bag that effortlessly transition from work to friends and family gatherings. It has single compartment with double inner pockets and an outside zip pocket making this sophisticated ensemble spacious. Crafted from good quality material, our affordable bag is built to withstand the test of time, ensuring you'll always look fashionable."	4.72995E+13	https://totewears.com/collections/best-selling-%F0%9F%94%A5/products/sunshine-tote-green	bestselling-001-16-00001.jpg | bestselling-001-16-00002.jpg | bestselling-001-16-00003.jpg
bestselling-001	17	ÉLAN CARRY – CARAMEL BLISS	"Rs.2,500.00"	"Rs.1,599.00"	Save 36%	"Material & Color: Beige-toned faux leather or similar material. Design: Beautiful floral embroidery with red, orange, white flowers, and green stems. Shape: Structured rectangular shape for a modern and elegant look. Strap: Gold-tone chain strap for a touch of luxury. Style: Chic and versatile, suitable for both casual and formal occasions. Functionality: Compact yet spacious enough for essentials. Aesthetic Appeal: A statement piece with a nature-inspired, elegant vibe."	4.61967E+13	https://totewears.com/collections/best-selling-%F0%9F%94%A5/products/crossbody-beige-t423	bestselling-001-17-00001.jpg | bestselling-001-17-00002.jpg | bestselling-001-17-00003.jpg
bestselling-001	18	SUNSHINE TOTE BROWN	"Rs.3,400.00"	"Rs.1,890.00"	Save 44%	"Elegance meets versatility in our beautiful Scrunchie Bag that effortlessly transition from work to friends and family gatherings. It has single compartment with double inner pockets and an outside zip pocket making this sophisticated ensemble spacious. Crafted from good quality material, our affordable bag is built to withstand the test of time, ensuring you'll always look fashionable."	4.72995E+13	https://totewears.com/collections/best-selling-%F0%9F%94%A5/products/sunshine-tote-brown	bestselling-001-18-00001.jpg | bestselling-001-18-00002.jpg | bestselling-001-18-00003.jpg | bestselling-001-18-00004.jpg | bestselling-001-18-00005.jpg | bestselling-001-18-00006.jpg
bestselling-001	19	IVORY BOTANICA	"Rs.4,800.00"	"Rs.1,990.00"	Save 59%	"? PREMIUM IVORY BOTANICA CANVAS TOTE BAG FOR WOMEN This premium canvas tote bag is designed for women who love classy, artistic, and floral styles.Crafted for the sophisticated soul, the Ivory Botanica tote is a celebration of delicate florals blooming over a creamy canvas. Featuring hand-illustrated botanicals in rich crimson and forest green, this bag exudes refined charm with every detail. The structured silhouette and reinforced handles make it both a style statement and a practical companion.Each detail celebrates color, life, and effortless style.this tote offers elegant symmetrical detailing for a truly timeless and eye-catching look. Lightweight yet highly durable, it’s perfect for daily use, university, office, travel, and shopping. The strong knotted double handles and structured finishing make it both stylish and long-lasting. A secure zip closure keeps your belongings safe, while the spacious interior with an inside pocket easily fits your books, laptop/tablet, wallet, and daily essentials. ?? SIZE CHART (IN INCHES) Length Width Depth 13 16 4 ?? KEY FEATURES Premium thick canvas material High-quality artistic floral & folk prints Secure zip closure Strong knotted double handles Spacious interior with inside pocket Fits books, laptop/tablet, wallet & accessories Lightweight, durable & eco-friendly Stylish yet practical for everyday use ?? CARE INSTRUCTIONS Gently wipe with a soft damp cloth when needed Avoid machine wash to maintain print quality Do not soak in water or use bleach Store in a cool, dry place Keep away from sharp objects to prevent scratches"	4.66048E+13	https://totewears.com/collections/best-selling-%F0%9F%94%A5/products/ivory-botanica	bestselling-001-19-00001.jpg | bestselling-001-19-00002.jpg | bestselling-001-19-00003.jpg | bestselling-001-19-00004.jpg
bestselling-001	20	TROPICAL DUSK TOTE	"Rs.4,800.00"	"Rs.1,990.00"	Save 59%	"? PREMIUM TROPICAL DUSK TOTE CANVAS TOTE BAG FOR WOMEN This premium canvas tote bag is designed for women who love classy, artistic, and floral styles.Step into paradise with every carry. The Tropical Dusk Tote captures the magic of a sunset-soaked island, with deep palm silhouettes set against vibrant hues of orange, pink, and twilight blue. Spacious, lightweight, and full of vacation vibes — it's your perfect companion for beach days.Each detail celebrates color, life, and effortless style.this tote offers elegant symmetrical detailing for a truly timeless and eye-catching look. Lightweight yet highly durable, it’s perfect for daily use, university, office, travel, and shopping. The strong knotted double handles and structured finishing make it both stylish and long-lasting. A secure zip closure keeps your belongings safe, while the spacious interior with an inside pocket easily fits your books, laptop/tablet, wallet, and daily essentials. ?? SIZE CHART (IN INCHES) Length Width Depth 13 16 4 ?? KEY FEATURES Premium thick canvas material High-quality artistic floral & folk prints Secure zip closure Strong knotted double handles Spacious interior with inside pocket Fits books, laptop/tablet, wallet & accessories Lightweight, durable & eco-friendly Stylish yet practical for everyday use ?? CARE INSTRUCTIONS Gently wipe with a soft damp cloth when needed Avoid machine wash to maintain print quality Do not soak in water or use bleach Store in a cool, dry place Keep away from sharp objects to prevent scratches"	4.66048E+13	https://totewears.com/collections/best-selling-%F0%9F%94%A5/products/tropical-dusk-tote	bestselling-001-20-00001.jpg | bestselling-001-20-00002.jpg | bestselling-001-20-00003.jpg | bestselling-001-20-00004.jpg
bestselling-001	21	VELVET PETAL		"Rs.1,990.00"		"? PREMIUM VELVET PETAL CANVAS TOTE BAG FOR WOMEN This premium canvas tote bag is designed for women who love classy, artistic, and floral styles.Upgrade your wardrobe with this chic and timeless black & white tote bag, featuring a stunning floral and geometric pattern. Designed for modern women, this lightweight yet spacious handbag is perfect for work, shopping, or casual outings. Its sturdy handles ensure comfort and durability, making it a stylish and practical everyday accessory.Each detail celebrates color, life, and effortless style.this tote offers elegant symmetrical detailing for a truly timeless and eye-catching look. Lightweight yet highly durable, it’s perfect for daily use, university, office, travel, and shopping. The strong knotted double handles and structured finishing make it both stylish and long-lasting. A secure zip closure keeps your belongings safe, while the spacious interior with an inside pocket easily fits your books, laptop/tablet, wallet, and daily essentials. ?? SIZE CHART (IN INCHES) Length Width Depth 13 16 4 ?? KEY FEATURES Premium thick canvas material High-quality artistic floral & folk prints Secure zip closure Strong knotted double handles Spacious interior with inside pocket Fits books, laptop/tablet, wallet & accessories Lightweight, durable & eco-friendly Stylish yet practical for everyday use ?? CARE INSTRUCTIONS Gently wipe with a soft damp cloth when needed Avoid machine wash to maintain print quality Do not soak in water or use bleach Store in a cool, dry place Keep away from sharp objects to prevent scratches"	4.61967E+13	https://totewears.com/collections/best-selling-%F0%9F%94%A5/products/canvas-bags-t310	bestselling-001-21-00001.jpg
bestselling-001	22	ROYAL OASIS TOTE	"Rs.4,800.00"	"Rs.1,990.00"	Save 59%	"? PREMIUM ROYAL OASIS TOTE TOTE BAG FOR WOMEN This premium canvas tote bag is designed for women who love classy, artistic, and floral styles.Step into a world of timeless charm with the Royal Oasis Tote — a graceful blend of regal patterns and lush botanical art.Each detail celebrates color, life, and effortless style.this tote offers elegant symmetrical detailing for a truly timeless and eye-catching look. Lightweight yet highly durable, it’s perfect for daily use, university, office, travel, and shopping. The strong knotted double handles and structured finishing make it both stylish and long-lasting. A secure zip closure keeps your belongings safe, while the spacious interior with an inside pocket easily fits your books, laptop/tablet, wallet, and daily essentials. ?? SIZE CHART (IN INCHES) Length Width Depth 13 16 4 ?? KEY FEATURES Premium thick canvas material High-quality artistic floral & folk prints Secure zip closure Strong knotted double handles Spacious interior with inside pocket Fits books, laptop/tablet, wallet & accessories Lightweight, durable & eco-friendly Stylish yet practical for everyday use ?? CARE INSTRUCTIONS Gently wipe with a soft damp cloth when needed Avoid machine wash to maintain print quality Do not soak in water or use bleach Store in a cool, dry place Keep away from sharp objects to prevent scratches"	4.65598E+13	https://totewears.com/collections/best-selling-%F0%9F%94%A5/products/royal-oasis-tote	bestselling-001-22-00001.jpg | bestselling-001-22-00002.jpg | bestselling-001-22-00003.jpg | bestselling-001-22-00004.jpg | bestselling-001-22-00005.jpg | bestselling-001-22-00006.jpg
bestselling-001	23	BLOOM & DOTS DELIGHT TOTE	"Rs.4,800.00"	"Rs.1,990.00"	Save 59%	"? PREMIUM BLOOM & DOTS DELIGHT TOTE CANVAS TOTE BAG FOR WOMEN This premium canvas tote bag is designed for women who love classy, artistic, and floral styles.Cheerful polka dots meet charming floral blooms — the Bloom & Dots Delight Tote is designed to brighten your everyday style. With its playful yet graceful design, this tote brings a fresh, feminine touch to any look. Spacious and versatile, it’s perfect for casual outings, brunch dates, shopping trips, or a day at the office.Each detail celebrates color, life, and effortless style.this tote offers elegant symmetrical detailing for a truly timeless and eye-catching look. Lightweight yet highly durable, it’s perfect for daily use, university, office, travel, and shopping. The strong knotted double handles and structured finishing make it both stylish and long-lasting. A secure zip closure keeps your belongings safe, while the spacious interior with an inside pocket easily fits your books, laptop/tablet, wallet, and daily essentials. ?? SIZE CHART (IN INCHES) Length Width Depth 13 16 4 ?? KEY FEATURES Premium thick canvas material High-quality artistic floral & folk prints Secure zip closure Strong knotted double handles Spacious interior with inside pocket Fits books, laptop/tablet, wallet & accessories Lightweight, durable & eco-friendly Stylish yet practical for everyday use ?? CARE INSTRUCTIONS Gently wipe with a soft damp cloth when needed Avoid machine wash to maintain print quality Do not soak in water or use bleach Store in a cool, dry place Keep away from sharp objects to prevent scratches"	4.65598E+13	https://totewears.com/collections/best-selling-%F0%9F%94%A5/products/bloom-dots-delight-tote	bestselling-001-23-00001.jpg | bestselling-001-23-00002.jpg | bestselling-001-23-00003.jpg | bestselling-001-23-00004.jpg
bestselling-001	24	ÉLAN CARRY – BLACK	"Rs.2,500.00"	"Rs.1,599.00"	Save 36%	"Material & Color: Light black leather or similar material. Design: Delicate floral embroidery featuring red, orange, white flowers with green stems. Shape: Compact, structured rectangular shape for a chic look. Strap: Elegant gold-tone chain strap, adding a stylish touch. Style: Feminine, trendy, and perfect for casual or semi-formal occasions. Functionality: Small yet practical, ideal for carrying daily essentials. Aesthetic Appeal: Fresh, nature-inspired, and visually appealing statement piece."	4.63902E+13	https://totewears.com/collections/best-selling-%F0%9F%94%A5/products/elan-carry-olive-luxe-copy	bestselling-001-24-00001.jpg | bestselling-001-24-00002.jpg
bestselling-001	25	TOTE OF JOY	"Rs.4,800.00"	"Rs.1,990.00"	Save 59%	"? PREMIUM TOTE OF JOY CANVAS TOTE BAG FOR WOMEN This premium canvas tote bag is designed for women who love classy, artistic, and floral styles. Bring a touch of happiness to your everyday style with the Tote of Joy. Crafted with durable fabric and detailed floral patterns, this tote is the perfect blend of practicality and elegance. Whether you’re heading to work, uni, or a casual outing, it carries all your essentials with ease — and a smile.Each detail celebrates color, life, and effortless style.this tote offers elegant symmetrical detailing for a truly timeless and eye-catching look. Lightweight yet highly durable, it’s perfect for daily use, university, office, travel, and shopping. The strong knotted double handles and structured finishing make it both stylish and long-lasting. A secure zip closure keeps your belongings safe, while the spacious interior with an inside pocket easily fits your books, laptop/tablet, wallet, and daily essentials. ?? SIZE CHART (IN INCHES) Length Width Depth 13 16 4 ?? KEY FEATURES Premium thick canvas material High-quality artistic floral & folk prints Secure zip closure Strong knotted double handles Spacious interior with inside pocket Fits books, laptop/tablet, wallet & accessories Lightweight, durable & eco-friendly Stylish yet practical for everyday use ?? CARE INSTRUCTIONS Gently wipe with a soft damp cloth when needed Avoid machine wash to maintain print quality Do not soak in water or use bleach Store in a cool, dry place Keep away from sharp objects to prevent scratches"	4.73645E+13	https://totewears.com/collections/best-selling-%F0%9F%94%A5/products/tote-of-joy	bestselling-001-25-00001.jpg | bestselling-001-25-00002.jpg | bestselling-001-25-00003.jpg
bestselling-001	26	SUNSHINE TOTE BLACK	"Rs.3,400.00"	"Rs.1,890.00"	Save 44%	"Elegance meets versatility in our beautiful Scrunchie Bag that effortlessly transition from work to friends and family gatherings. It has single compartment with double inner pockets and an outside zip pocket making this sophisticated ensemble spacious. Crafted from good quality material, our affordable bag is built to withstand the test of time, ensuring you'll always look fashionable."	4.72996E+13	https://totewears.com/collections/best-selling-%F0%9F%94%A5/products/sunshine-tote-black	bestselling-001-26-00001.jpg | bestselling-001-26-00002.jpg
bestselling-001	27	TOTES (PINE GREEN)	"Rs.4,800.00"	"Rs.2,699.00"	Save 44%	"?? PINE GREEN ELEGANCE TOTE BAG Elevate your everyday look with this stunning Pine Green Tote Bag — a perfect blend of sophistication and practicality. Designed for modern women who love timeless style with functionality. ? Color: Pine Green ?? Size (Approx): Height Width Depth 10.5 inches 14 inches 4.8 inches ?? Features: ? Single spacious zipper compartment ? Inside zipper pocket for essentials ? Strong, durable handles ? Structured & elegant finish Perfect for daily use, office, university, travel, and casual outings. Spacious enough to carry a 1L bottle, small tiffin, diary, pair of clothes, makeup pouch, and more — without compromising on style. A classy everyday companion that keeps you organized while making a statement. ??"	4.72994E+13	https://totewears.com/collections/best-selling-%F0%9F%94%A5/products/totes-pine-green	bestselling-001-27-00001.jpg | bestselling-001-27-00002.jpg | bestselling-001-27-00003.jpg | bestselling-001-27-00004.jpg
bestselling-001	28	BLUE PETAL CHARM	"Rs.4,800.00"	"Rs.1,990.00"	Save 59%	"? PREMIUM BLUE PETAL CHARM CANVAS TOTE BAG FOR WOMEN This premium canvas tote bag is designed for women who love classy, artistic, and floral styles.Step into timeless elegance with the Blue Petal Charm – a statement tote designed to elevate your everyday look. Crafted in a rich shade of royal blue, this bag features delicate hand-painted floral motifs that evoke the beauty of a blooming garden at dusk.Each detail celebrates color, life, and effortless style.this tote offers elegant symmetrical detailing for a truly timeless and eye-catching look. Lightweight yet highly durable, it’s perfect for daily use, university, office, travel, and shopping. The strong knotted double handles and structured finishing make it both stylish and long-lasting. A secure zip closure keeps your belongings safe, while the spacious interior with an inside pocket easily fits your books, laptop/tablet, wallet, and daily essentials. ?? SIZE CHART (IN INCHES) Length Width Depth 13 16 4 ?? KEY FEATURES Premium thick canvas material High-quality artistic floral & folk prints Secure zip closure Strong knotted double handles Spacious interior with inside pocket Fits books, laptop/tablet, wallet & accessories Lightweight, durable & eco-friendly Stylish yet practical for everyday use ?? CARE INSTRUCTIONS Gently wipe with a soft damp cloth when needed Avoid machine wash to maintain print quality Do not soak in water or use bleach Store in a cool, dry place Keep away from sharp objects to prevent scratches"	4.66049E+13	https://totewears.com/collections/best-selling-%F0%9F%94%A5/products/blue-petal-charm	bestselling-001-28-00001.jpg | bestselling-001-28-00002.jpg | bestselling-001-28-00003.jpg
bestselling-001	29	ÉLAN CARRY – OLIVE LUXE	"Rs.2,500.00"	"Rs.1,599.00"	Save 36%	"Material & Color: Light pastel green faux leather or similar material. Design: Delicate floral embroidery featuring red, orange, white flowers with green stems. Shape: Compact, structured rectangular shape for a chic look. Strap: Elegant gold-tone chain strap, adding a stylish touch. Style: Feminine, trendy, and perfect for casual or semi-formal occasions. Functionality: Small yet practical, ideal for carrying daily essentials. Aesthetic Appeal: Fresh, nature-inspired, and visually appealing statement piece."	Default Title - Sold Out	https://totewears.com/collections/best-selling-%F0%9F%94%A5/products/crossbody-beige-t423-copy	bestselling-001-29-00001.jpg | bestselling-001-29-00002.jpg | bestselling-001-29-00003.jpg
bestselling-001	30	TOTES (BROWN)	"Rs.4,800.00"	"Rs.2,699.00"	Save 44%	"?? TOTES (BROWN) ELEGANCE TOTE BAG Elevate your everyday look with this stunning Totes (Brown) Tote Bag — a perfect blend of sophistication and practicality. Designed for modern women who love timeless style with functionality. ? Color: Totes (Brown) ?? Size (Approx): Height Width Depth 10.5 inches 14 inches 4.8 inches ?? Features: ? Single spacious zipper compartment ? Inside zipper pocket for essentials ? Strong, durable handles ? Structured & elegant finish Perfect for daily use, office, university, travel, and casual outings. Spacious enough to carry a 1L bottle, small tiffin, diary, pair of clothes, makeup pouch, and more — without compromising on style. A classy everyday companion that keeps you organized while making a statement. ??"	4.72994E+13	https://totewears.com/collections/best-selling-%F0%9F%94%A5/products/totes-brown	bestselling-001-30-00001.jpg | bestselling-001-30-00002.jpg | bestselling-001-30-00003.jpg | bestselling-001-30-00004.jpg
bestselling-001	31	DEWY ROSE CHIC	"Rs.1,998.00"	Rs.999.00	Save 50%	"Tiny Teen pink Stay stylishly organized with this compact marvel. Perfectly sized at 2"" width, 7.5"" length, and 5"" height, it's your go-to mini shoulder bag for effortless chic. Crafted with a long gold chain for that extra touch of elegance, this bag effortlessly elevates any outfit. Compact yet spacious enough to carry your essentials, it's the ultimate blend of fashion and functionality. Get ready to turn heads with the totewear Tiny Teen CrossBody Bag - your new favorite accessory!"	4.61948E+13	https://totewears.com/collections/best-selling-%F0%9F%94%A5/products/tiny-teen-beige-e410-copy	bestselling-001-31-00001.jpg | bestselling-001-31-00002.jpg
bestselling-001	32	PEARL BLACK	"Rs.4,000.00"	"Rs.1,790.00"	Save 55%	"A compact and elegant crossbody bag with a pearl handle, designed for both hand carry and shoulder style — the perfect blend of luxury and versatility. Product Features: Size: Compact & chic – 7.5” (W) x 6” (H) Material: High-quality faux leather with a smooth finish Handles: Elegant pearl top handle with detachable gold chain strap Design: Sleek rounded flap secured with a magnetic closure Perfect For: Formal events, casual outings, or evening occasions Limited Stock!"	Default Title - Sold Out	https://totewears.com/collections/best-selling-%F0%9F%94%A5/products/pearl-black	bestselling-001-32-00001.jpg | bestselling-001-32-00002.jpg | bestselling-001-32-00003.jpg | bestselling-001-32-00004.jpg | bestselling-001-32-00005.jpg | bestselling-001-32-00006.jpg | bestselling-001-32-00007.jpg
bestselling-001	33	ZARBAGH	"Rs.4,600.00"	"Rs.1,990.00"	Save 57%	"? PREMIUM ZARBAGH CANVAS TOTE BAG FOR WOMEN This premium canvas tote bag is designed for women who love classy, artistic, and floral styles.Step into timeless elegance with the ZarBagh™ Tote – a perfect blend of heritage charm and modern style. Inspired by the beauty of traditional South Asian gardens, this premium handbag features intricate block print floral patterns on a rich mustard canvas, echoing the essence of cultural grace.Each detail celebrates color, life, and effortless style.this tote offers elegant symmetrical detailing for a truly timeless and eye-catching look. Lightweight yet highly durable, it’s perfect for daily use, university, office, travel, and shopping. The strong knotted double handles and structured finishing make it both stylish and long-lasting. A secure zip closure keeps your belongings safe, while the spacious interior with an inside pocket easily fits your books, laptop/tablet, wallet, and daily essentials. ?? SIZE CHART (IN INCHES) Length Width Depth 13 16 4 ?? KEY FEATURES Premium thick canvas material High-quality artistic floral & folk prints Secure zip closure Strong knotted double handles Spacious interior with inside pocket Fits books, laptop/tablet, wallet & accessories Lightweight, durable & eco-friendly Stylish yet practical for everyday use ?? CARE INSTRUCTIONS Gently wipe with a soft damp cloth when needed Avoid machine wash to maintain print quality Do not soak in water or use bleach Store in a cool, dry place Keep away from sharp objects to prevent scratches"	4.65489E+13	https://totewears.com/collections/best-selling-%F0%9F%94%A5/products/zarbagh	bestselling-001-33-00001.jpg | bestselling-001-33-00002.jpg | bestselling-001-33-00003.jpg
bestselling-001	34	PETALPOP	"Rs.2,899.00"	"Rs.1,699.00"	Save 41%	"?? PRODUCT DESCRIPTION: Add a pop of floral flair to your everyday look with the PetalPop™ Floral Handbag – where fashion meets functionality in full bloom! Featuring a bold pink flower print on a sleek black canvas, this eye-catching tote bag is perfect for modern women who love to make a style statement. Whether you're heading to brunch, work, or shopping, PetalPop™ brings color, charm, and convenience to your day. Crafted with durable materials and soft leather-style handles, it’s lightweight yet spacious – ideal for carrying your daily essentials in style. ? WHY YOU’LL LOVE IT: ?? Unique floral design that stands out ?? Spacious interior – fits phone, wallet, makeup & more ?? Front zipper pocket for quick-access items ?? Comfortable double handles – carry it all day with ease ?? Great gift for birthdays, holidays, or just because! ?? SPECIFICATIONS: Material: Durable canvas with PU leather handles Closure: Zipper Straps: Dual shoulder handles Size: Medium – ideal for everyday use Colors: Black base with pink floral print ?? PERFECT FOR: Daily errands & outings College & office use Travel & weekend trips Fashion-forward women & teens Bring your outfit to life – grab your PetalPop™ today and bloom in style!"	4.65489E+13	https://totewears.com/collections/best-selling-%F0%9F%94%A5/products/petalpop	bestselling-001-34-00001.jpg | bestselling-001-34-00002.jpg | bestselling-001-34-00003.jpg | bestselling-001-34-00004.jpg
bestselling-001	35	EMBROIDERED CHARM PURPLE	"Rs.3,000.00"	"Rs.1,499.00"	Save 50%	"EMBROIDERED CHARM BAG Add a pop of playful elegance to your everyday look with the Embroidered Charm Bag. Crafted from smooth black fabric and adorned with vibrant floral embroidery, this crossbody is a delicate mix of charm and functionality. Its compact silhouette makes it ideal for days on the go, while the gold-tone chain strap and zip closure add a touch of sophistication. Whether you're heading to brunch, a weekend getaway, or a casual outing — this bag is made to stand out. Key Features: Floral embroidered front panel Compact and lightweight structure Gold-tone chain & faux leather strap Smooth zip-top closure Ideal for casual and semi-formal outings Easily fits phone, wallet, keys & small essentials"	4.65108E+13	https://totewears.com/collections/best-selling-%F0%9F%94%A5/products/embroidered-charm-purple	bestselling-001-35-00001.jpg | bestselling-001-35-00002.jpg | bestselling-001-35-00003.jpg
bestselling-001	36	ÉLAN CARRY – LAVENDER MIST	"Rs.2,500.00"	"Rs.1,599.00"	Save 36%	"Material & Color: Soft lavender faux leather, offering a dreamy pastel look. Design: Elegant floral embroidery with red, orange, and white flowers along with green stems. Shape: Structured, rectangular shape for a polished, modern aesthetic. Strap: Gold-tone chain strap for a luxurious and chic appeal. Style: Feminine, trendy, and perfect for casual outings or semi-formal occasions. Functionality: Compact yet spacious enough for daily essentials. Aesthetic Appeal: Delicate, nature-inspired design that adds a fresh and stylish touch."	4.61967E+13	https://totewears.com/collections/best-selling-%F0%9F%94%A5/products/crossbody-light-pastel-green-t424-copy	bestselling-001-36-00001.jpg | bestselling-001-36-00002.jpg | bestselling-001-36-00003.jpg
bestselling-001	37	PINK PASTEL CROSSBODY	"Rs.3,198.00"	"Rs.1,599.00"	Save 50%		4.6195E+13	https://totewears.com/collections/best-selling-%F0%9F%94%A5/products/flap-square-bag-pink-peach-e417	bestselling-001-37-00001.jpg | bestselling-001-37-00002.jpg | bestselling-001-37-00003.jpg | bestselling-001-37-00004.jpg
bestselling-001	38	BOTTLE GREEN GLOW	"Rs.1,998.00"	Rs.999.00	Save 50%	"Tiny Teen Green Color Stay stylishly organized with this compact marvel. Perfectly sized at 2"" width, 7.5"" length, and 5"" height, it's your go-to mini shoulder bag for effortless chic. Crafted with a long gold chain for that extra touch of elegance, this bag effortlessly elevates any outfit. Compact yet spacious enough to carry your essentials, it's the ultimate blend of fashion and functionality. Get ready to turn heads with the totewear Tiny Teen CrossBody Bag - your new favorite accessory!"	4.61948E+13	https://totewears.com/collections/best-selling-%F0%9F%94%A5/products/tiny-teen-green-e407	bestselling-001-38-00001.jpg | bestselling-001-38-00002.jpg
bestselling-001	39	BLUE MOSAIC CHARM	"Rs.2,800.00"	"Rs.1,699.00"	Save 39%	"Product Name: Blue Mosaic Charm Description: ?? Artistic Patchwork Design: A stunning mix of floral and geometric prints in calming shades of blue and beige. ?? Statement Style: A modern ethnic piece that effortlessly blends tradition with a trendy edge. ? Golden Chain Strap: Adds a touch of luxury — wear it over the shoulder or as a crossbody. ?? Premium Fabric Finish: High-quality canvas material with detailed stitching for durability and style. ?? Just the Right Size: Compact yet spacious enough for your daily essentials like phone, cards, and lipstick. ?? Perfect for Any Occasion: From casual brunches to festive events — it's your go-to accessory."	4.66193E+13	https://totewears.com/collections/best-selling-%F0%9F%94%A5/products/blue-mosaic-charm	bestselling-001-39-00001.jpg | bestselling-001-39-00002.jpg | bestselling-001-39-00003.jpg | bestselling-001-39-00004.jpg
bestselling-001	40	LEAFY CHARM	"Rs.4,600.00"	"Rs.1,990.00"	Save 57%	"? PREMIUM LEAFY CHARM CANVAS TOTE BAG FOR WOMEN This premium canvas tote bag is designed for women who love classy, artistic, and floral styles.Add a splash of nature-inspired elegance to your everyday look with the Leafy Charm Tote Bag. Featuring a vibrant hand-drawn leafy pattern in earthy greens, fiery oranges, and deep purples, this tote brings together bold tradition and modern flair.Each detail celebrates color, life, and effortless style.this tote offers elegant symmetrical detailing for a truly timeless and eye-catching look. Lightweight yet highly durable, it’s perfect for daily use, university, office, travel, and shopping. The strong knotted double handles and structured finishing make it both stylish and long-lasting. A secure zip closure keeps your belongings safe, while the spacious interior with an inside pocket easily fits your books, laptop/tablet, wallet, and daily essentials. ?? SIZE CHART (IN INCHES) Length Width Depth 13 16 4 ?? KEY FEATURES Premium thick canvas material High-quality artistic floral & folk prints Secure zip closure Strong knotted double handles Spacious interior with inside pocket Fits books, laptop/tablet, wallet & accessories Lightweight, durable & eco-friendly Stylish yet practical for everyday use ?? CARE INSTRUCTIONS Gently wipe with a soft damp cloth when needed Avoid machine wash to maintain print quality Do not soak in water or use bleach Store in a cool, dry place Keep away from sharp objects to prevent scratches"	Default Title - Sold Out	https://totewears.com/collections/best-selling-%F0%9F%94%A5/products/leafy-charm-1	bestselling-001-40-00001.jpg | bestselling-001-40-00002.jpg | bestselling-001-40-00003.jpg | bestselling-001-40-00004.jpg
bestselling-001	41	EMBROIDERED CHARM BLACK	"Rs.3,000.00"	"Rs.1,499.00"	Save 50%	"EMBROIDERED CHARM BAG Add a pop of playful elegance to your everyday look with the Embroidered Charm Bag. Crafted from smooth black fabric and adorned with vibrant floral embroidery, this crossbody is a delicate mix of charm and functionality. Its compact silhouette makes it ideal for days on the go, while the gold-tone chain strap and zip closure add a touch of sophistication. Whether you're heading to brunch, a weekend getaway, or a casual outing — this bag is made to stand out. Key Features: Floral embroidered front panel Compact and lightweight structure Gold-tone chain & faux leather strap Smooth zip-top closure Ideal for casual and semi-formal outings Easily fits phone, wallet, keys & small essentials"	4.65108E+13	https://totewears.com/collections/best-selling-%F0%9F%94%A5/products/embroidered-charm-black	bestselling-001-41-00001.jpg | bestselling-001-41-00002.jpg | bestselling-001-41-00003.jpg | bestselling-001-41-00004.jpg | bestselling-001-41-00005.jpg
bestselling-001	42	FLAP SQUARE BAG BROWN	"Rs.3,198.00"	"Rs.1,599.00"	Save 50%		4.6195E+13	https://totewears.com/collections/best-selling-%F0%9F%94%A5/products/flap-square-bag-pink-peach-e417-copy	bestselling-001-42-00001.jpg | bestselling-001-42-00002.jpg | bestselling-001-42-00003.jpg
bestselling-001	43	ZIGZEST POP CLUTCH	"Rs.2,800.00"	"Rs.1,699.00"	Save 39%	"Product Name: ZigZest Pop Clutch Description: ?? Bold Zigzag Pattern: Features an eye-catching geometric chevron print in vibrant red, teal, navy, and coral. ?? Vibrant & Trendy: A fun statement piece that adds a pop of color to any outfit — casual or festive. ?? Compact & Stylish: Designed to fit your phone, cards, and keys while keeping your look chic and minimal. ?? Durable Material: Made with high-quality fabric and precise stitching for lasting wear. ?? Versatile Use: Ideal for brunch dates, shopping trips, hangouts, or party nights. ?? Easy to Carry: Lightweight and sleek — perfect to slip into your tote or carry on its own."	4.66193E+13	https://totewears.com/collections/best-selling-%F0%9F%94%A5/products/zigzest-pop-clutch	bestselling-001-43-00001.jpg | bestselling-001-43-00002.jpg | bestselling-001-43-00003.jpg
bestselling-001	44	VINTAGE NOOR CLUTCH	"Rs.2,800.00"	"Rs.1,699.00"	Save 39%	"Product Name: Vintage Noor Clutch Description: ?? Classic Heritage Design: Features an intricate floral and geometric pattern inspired by vintage motifs. ?? Elegant & Functional: Structured clutch with a durable canvas exterior and smooth lining inside. ? Golden Chain Strap: Adds a luxe touch — carry as a shoulder bag or tuck it in for a clutch style. ?? Perfect Size: Spacious enough for your phone, cards, and makeup essentials — compact yet practical. ?? Versatile for All Occasions: Ideal for weddings, festive events, or a stylish evening out. ?? Premium Craftsmanship: A blend of traditional charm and modern finesse, designed to stand out."	4.66193E+13	https://totewears.com/collections/best-selling-%F0%9F%94%A5/products/vintage-noor-clutch	bestselling-001-44-00001.jpg | bestselling-001-44-00002.jpg | bestselling-001-44-00003.jpg | bestselling-001-44-00004.jpg
bestselling-001	45	CHIRPING GARDEN	"Rs.4,800.00"	"Rs.1,990.00"	Save 59%	"? PREMIUM CHIRPING GARDEN CANVAS TOTE BAG FOR WOMEN This premium canvas tote bag is designed for women who love classy, artistic, and floral styles. Bring nature’s melody wherever you go with The Chirping Garden tote bag. Featuring vibrant tropical birds nestled among lush green foliage, this beautifully illustrated bag captures the harmony of nature in full bloom. Each detail celebrates color, life, and effortless style.this tote offers elegant symmetrical detailing for a truly timeless and eye-catching look. Lightweight yet highly durable, it’s perfect for daily use, university, office, travel, and shopping. The strong knotted double handles and structured finishing make it both stylish and long-lasting. A secure zip closure keeps your belongings safe, while the spacious interior with an inside pocket easily fits your books, laptop/tablet, wallet, and daily essentials. ?? SIZE CHART (IN INCHES) Length Width Depth 13 16 4 ?? KEY FEATURES Premium thick canvas material High-quality artistic floral & folk prints Secure zip closure Strong knotted double handles Spacious interior with inside pocket Fits books, laptop/tablet, wallet & accessories Lightweight, durable & eco-friendly Stylish yet practical for everyday use ?? CARE INSTRUCTIONS Gently wipe with a soft damp cloth when needed Avoid machine wash to maintain print quality Do not soak in water or use bleach Store in a cool, dry place Keep away from sharp objects to prevent scratches"	4.78201E+13	https://totewears.com/collections/best-selling-%F0%9F%94%A5/products/chirping-garden	bestselling-001-45-00001.jpg | bestselling-001-45-00002.jpg | bestselling-001-45-00003.jpg
bestselling-001	46	PATTERNPOP TOTE	"Rs.4,800.00"	"Rs.1,990.00"	Save 59%	"? PREMIUM PATTERNPOP TOTE CANVAS TOTE BAG FOR WOMEN This premium canvas tote bag is designed for women who love classy, artistic, and floral styles. Each detail celebrates color, life, and effortless style.this tote offers elegant symmetrical detailing for a truly timeless and eye-catching look. Lightweight yet highly durable, it’s perfect for daily use, university, office, travel, and shopping. The strong knotted double handles and structured finishing make it both stylish and long-lasting. A secure zip closure keeps your belongings safe, while the spacious interior with an inside pocket easily fits your books, laptop/tablet, wallet, and daily essentials. ?? SIZE CHART (IN INCHES) Length Width Depth 13 16 4 ?? KEY FEATURES Premium thick canvas material High-quality artistic floral & folk prints Secure zip closure Strong knotted double handles Spacious interior with inside pocket Fits books, laptop/tablet, wallet & accessories Lightweight, durable & eco-friendly Stylish yet practical for everyday use ?? CARE INSTRUCTIONS Gently wipe with a soft damp cloth when needed Avoid machine wash to maintain print quality Do not soak in water or use bleach Store in a cool, dry place Keep away from sharp objects to prevent scratches"	4.77852E+13	https://totewears.com/collections/best-selling-%F0%9F%94%A5/products/patternpop-tote	bestselling-001-46-00001.jpg | bestselling-001-46-00002.jpg | bestselling-001-46-00003.jpg
bestselling-001	47	LEFTOVER	"Rs.4,800.00"	"Rs.2,490.00"	Save 48%	"? PREMIUM LEFTOVER CANVAS TOTE BAG FOR WOMEN This premium canvas tote bag is designed for women who love classy, artistic, and floral styles. Bring nature’s melody wherever you go with The Chirping Garden tote bag. Featuring vibrant tropical birds nestled among lush green foliage, this beautifully illustrated bag captures the harmony of nature in full bloom. Each detail celebrates color, life, and effortless style.this tote offers elegant symmetrical detailing for a truly timeless and eye-catching look. Lightweight yet highly durable, it’s perfect for daily use, university, office, travel, and shopping. The strong knotted double handles and structured finishing make it both stylish and long-lasting. A secure zip closure keeps your belongings safe, while the spacious interior with an inside pocket easily fits your books, laptop/tablet, wallet, and daily essentials. ?? SIZE CHART (IN INCHES) Length Width Depth 13 16 4 ?? KEY FEATURES Premium thick canvas material High-quality artistic floral & folk prints Secure zip closure Strong knotted double handles Spacious interior with inside pocket Fits books, laptop/tablet, wallet & accessories Lightweight, durable & eco-friendly Stylish yet practical for everyday use ?? CARE INSTRUCTIONS Gently wipe with a soft damp cloth when needed Avoid machine wash to maintain print quality Do not soak in water or use bleach Store in a cool, dry place Keep away from sharp objects to prevent scratches"	4.79096E+13	https://totewears.com/collections/best-selling-%F0%9F%94%A5/products/leftover	bestselling-001-47-00001.jpg | bestselling-001-47-00002.jpg | bestselling-001-47-00003.jpg
bestselling-001	48	BROWNIE AFFAIR CHECK MINI BAG	"Rs.3,598.00"	"Rs.1,899.00"	Save 47%	"The Brownie Affair Check Mini Bag is a stylish and compact duffle-inspired handbag designed for everyday elegance. Featuring a classic brown checkerboard pattern, premium faux leather detailing, and polished gold-tone hardware, this structured mini bag offers a chic yet functional look. It comes with sturdy top handles and a detachable shoulder strap for versatile carrying. With dimensions of WIDTH HEIGHT DEPTH 8.5 7.5 4.5 this mini bag is perfectly sized to carry your essentials while maintaining a sleek, fashionable silhouette. Ideal for casual outings, brunch dates, travel, or night events—this timeless piece blends practicality with luxury-inspired aesthetics."	4.79586E+13	https://totewears.com/collections/best-selling-%F0%9F%94%A5/products/brownie-affair-check-mini-bag	bestselling-001-48-00001.jpg | bestselling-001-48-00002.jpg | bestselling-001-48-00003.jpg | bestselling-001-48-00004.jpg | bestselling-001-48-00005.jpg | bestselling-001-48-00006.jpg
bestselling-001	49	CREAMY ROYAL CHECK MINI HANDBAG	"Rs.3,598.00"	"Rs.1,899.00"	Save 47%	"The Creamy Royal Check Mini Handbag is a stylish and compact duffle-inspired handbag designed for everyday elegance. Featuring a classic brown checkerboard pattern, premium faux leather detailing, and polished gold-tone hardware, this structured mini bag offers a chic yet functional look. It comes with sturdy top handles and a detachable shoulder strap for versatile carrying. With dimensions of WIDTH HEIGHT DEPTH 8.5 7.5 4.5 this mini bag is perfectly sized to carry your essentials while maintaining a sleek, fashionable silhouette. Ideal for casual outings, brunch dates, travel, or night events—this timeless piece blends practicality with luxury-inspired aesthetics."	4.79586E+13	https://totewears.com/collections/best-selling-%F0%9F%94%A5/products/creamy-royal-check-mini-handbag	bestselling-001-49-00001.jpg | bestselling-001-49-00002.jpg | bestselling-001-49-00003.jpg | bestselling-001-49-00004.jpg | bestselling-001-49-00005.jpg | bestselling-001-49-00006.jpg
bestselling-001	50	MIDNIGHT ROYAL CHECK MINI CROSSBODY	"Rs.3,598.00"	"Rs.1,899.00"	Save 47%	"The Midnight Royal Check Mini Crossbody is a stylish and compact duffle-inspired handbag designed for everyday elegance. Featuring a classic brown checkerboard pattern, premium faux leather detailing, and polished gold-tone hardware, this structured mini bag offers a chic yet functional look. It comes with sturdy top handles and a detachable shoulder strap for versatile carrying. With dimensions of WIDTH HEIGHT DEPTH 8.5 7.5 4.5 this mini bag is perfectly sized to carry your essentials while maintaining a sleek, fashionable silhouette. Ideal for casual outings, brunch dates, travel, or night events—this timeless piece blends practicality with luxury-inspired aesthetics."	4.79586E+13	https://totewears.com/collections/best-selling-%F0%9F%94%A5/products/midnight-royal-check-mini-crossbody	bestselling-001-50-00001.jpg | bestselling-001-50-00002.jpg | bestselling-001-50-00003.jpg | bestselling-001-50-00004.jpg | bestselling-001-50-00005.jpg | bestselling-001-50-00006.jpg
bestselling-001	51	CHECK MINI BAG	"Rs.3,598.00"	"Rs.1,899.00"	Save 47%	"The Check Mini Bag is a stylish and compact duffle-inspired handbag designed for everyday elegance. Featuring a classic brown checkerboard pattern, premium faux leather detailing, and polished gold-tone hardware, this structured mini bag offers a chic yet functional look. It comes with sturdy top handles and a detachable shoulder strap for versatile carrying. With dimensions of WIDTH HEIGHT DEPTH 8.5 7.5 4.5 this mini bag is perfectly sized to carry your essentials while maintaining a sleek, fashionable silhouette. Ideal for casual outings, brunch dates, travel, or night events—this timeless piece blends practicality with luxury-inspired aesthetics."	4.79586E+13	https://totewears.com/collections/best-selling-%F0%9F%94%A5/products/check-mini-bag	bestselling-001-51-00001.jpg | bestselling-001-51-00002.jpg | bestselling-001-51-00003.jpg | bestselling-001-51-00004.jpg | bestselling-001-51-00005.jpg | bestselling-001-51-00006.jpg | bestselling-001-51-00007.jpg | bestselling-001-51-00008.jpg | bestselling-001-51-00009.jpg | bestselling-001-51-00010.jpg | bestselling-001-51-00011.jpg | bestselling-001-51-00012.jpg | bestselling-001-51-00013.jpg | bestselling-001-51-00014.jpg
bestselling-001	52	HERITAGE BROWN	"Rs.4,000.00"	"Rs.2,999.00"	Save 25%	"?? ELEGANT PU LEATHER HANDBAG Upgrade your everyday style with this beautifully crafted PU Leather Handbag — designed for women who love elegance with functionality. Its structured shape and spacious interior make it perfect for office, university, shopping, and daily use. ? PRODUCT DETAILS: Premium Quality PU Leather One Main Spacious Zipper Compartment One Inside Zipper Pocket for essentials Durable stitching & structured finish Comfortable shoulder handles Designed to carry your daily essentials with ease while keeping your look classy and polished. Explore our exclusive collection of women’s bags including crossbody bags, handbags, totes, canvas bags, and wallets — stylish and functional designs for every occasion. ?? SIZE CHART (APPROX.) Length Width Depth 12 Inches 16 Inches 4.5 Inches"	4.79948E+13	https://totewears.com/collections/best-selling-%F0%9F%94%A5/products/heritage-brown	bestselling-001-52-00001.jpg | bestselling-001-52-00002.jpg | bestselling-001-52-00003.jpg | bestselling-001-52-00004.jpg
bestselling-001	53	HERITAGE BLACK	"Rs.4,000.00"	"Rs.2,999.00"	Save 25%	"?? ELEGANT PU LEATHER HANDBAG Upgrade your everyday style with this beautifully crafted PU Leather Handbag — designed for women who love elegance with functionality. Its structured shape and spacious interior make it perfect for office, university, shopping, and daily use. ? PRODUCT DETAILS: Premium Quality PU Leather One Main Spacious Zipper Compartment One Inside Zipper Pocket for essentials Durable stitching & structured finish Comfortable shoulder handles Designed to carry your daily essentials with ease while keeping your look classy and polished. Explore our exclusive collection of women’s bags including crossbody bags, handbags, totes, canvas bags, and wallets — stylish and functional designs for every occasion. ?? SIZE CHART (APPROX.) Length Width Depth 12 Inches 16 Inches 4.5 Inches"	4.79948E+13	https://totewears.com/collections/best-selling-%F0%9F%94%A5/products/heritage-black	bestselling-001-53-00001.jpg | bestselling-001-53-00002.jpg | bestselling-001-53-00003.jpg | bestselling-001-53-00004.jpg | bestselling-001-53-00005.jpg | bestselling-001-53-00006.jpg | bestselling-001-53-00007.jpg | bestselling-001-53-00008.jpg
bestselling-001	54	HERITAGE MAROON	"Rs.4,000.00"	"Rs.2,999.00"	Save 25%	"?? ELEGANT PU LEATHER HANDBAG Upgrade your everyday style with this beautifully crafted PU Leather Handbag — designed for women who love elegance with functionality. Its structured shape and spacious interior make it perfect for office, university, shopping, and daily use. ? PRODUCT DETAILS: Premium Quality PU Leather One Main Spacious Zipper Compartment One Inside Zipper Pocket for essentials Durable stitching & structured finish Comfortable shoulder handles Designed to carry your daily essentials with ease while keeping your look classy and polished. Explore our exclusive collection of women’s bags including crossbody bags, handbags, totes, canvas bags, and wallets — stylish and functional designs for every occasion. ?? SIZE CHART (APPROX.) Length Width Depth 12 Inches 16 Inches 4.5 Inches"	4.79948E+13	https://totewears.com/collections/best-selling-%F0%9F%94%A5/products/heritage-maroon	bestselling-001-54-00001.jpg | bestselling-001-54-00002.jpg | bestselling-001-54-00003.jpg | bestselling-001-54-00004.jpg | bestselling-001-54-00005.jpg | bestselling-001-54-00006.jpg
bestselling-001	55	HERITAGE	"Rs.4,000.00"	"Rs.2,999.00"	Save 25%	"?? ELEGANT PU LEATHER HANDBAG Upgrade your everyday style with this beautifully crafted PU Leather Handbag — designed for women who love elegance with functionality. Its structured shape and spacious interior make it perfect for office, university, shopping, and daily use. ? PRODUCT DETAILS: Premium Quality PU Leather One Main Spacious Zipper Compartment One Inside Zipper Pocket for essentials Durable stitching & structured finish Comfortable shoulder handles Designed to carry your daily essentials with ease while keeping your look classy and polished. Explore our exclusive collection of women’s bags including crossbody bags, handbags, totes, canvas bags, and wallets — stylish and functional designs for every occasion. ?? SIZE CHART (APPROX.) Length Width Depth 12 Inches 16 Inches 4.5 Inches"	4.79949E+13	https://totewears.com/collections/best-selling-%F0%9F%94%A5/products/heritage	bestselling-001-55-00001.jpg | bestselling-001-55-00002.jpg | bestselling-001-55-00003.jpg | bestselling-001-55-00004.jpg | bestselling-001-55-00005.jpg | bestselling-001-55-00006.jpg | bestselling-001-55-00007.jpg | bestselling-001-55-00008.jpg | bestselling-001-55-00009.jpg | bestselling-001-55-00010.jpg | bestselling-001-55-00011.jpg | bestselling-001-55-00012.jpg | bestselling-001-55-00013.jpg | bestselling-001-55-00014.jpg | bestselling-001-55-00015.jpg | bestselling-001-55-00016.jpg
bestselling-001	56	BOW BLACK CROSSBODY	"Rs.2,800.00"	"Rs.2,299.00"	Save 18%	"Bow Crossbody Bag – Elegant & Chic ? Add a touch of grace to your everyday style with our beautifully designed Bow Crossbody Bag. Crafted from premium PU leather with a sleek glossy finish, this structured beauty features a bold oversized bow that instantly elevates your look. Perfect for brunch dates, evening outings, shopping trips, or daily wear — it blends femininity with functionality effortlessly. ?? SIZE CHART (APPROX.) Length Width Depth 6.5 Inches 9 Inches 3.5 Inches Product Details: • Material: High-quality PU Leather • Single main compartment • Inside pocket for extra organization • Adjustable long strap for comfortable crossbody wear Though compact in size, it comfortably holds your phone, wallet, cash, and daily essentials — keeping everything organized while you stay stylish. Make a subtle yet classy statement wherever you go with this must-have piece ??"	4.7996E+13	https://totewears.com/collections/best-selling-%F0%9F%94%A5/products/bow-black-crossbody	bestselling-001-56-00001.jpg | bestselling-001-56-00002.jpg | bestselling-001-56-00003.jpg
bestselling-001	57	BOW PINK CROSSBODY	"Rs.2,800.00"	"Rs.2,299.00"	Save 18%	"Bow Crossbody Bag – Elegant & Chic ? Add a touch of grace to your everyday style with our beautifully designed Bow Crossbody Bag. Crafted from premium PU leather with a sleek glossy finish, this structured beauty features a bold oversized bow that instantly elevates your look. Perfect for brunch dates, evening outings, shopping trips, or daily wear — it blends femininity with functionality effortlessly. ?? SIZE CHART (APPROX.) Length Width Depth 6.5 Inches 9 Inches 3.5 Inches Product Details: • Material: High-quality PU Leather • Single main compartment • Inside pocket for extra organization • Adjustable long strap for comfortable crossbody wear Though compact in size, it comfortably holds your phone, wallet, cash, and daily essentials — keeping everything organized while you stay stylish. Make a subtle yet classy statement wherever you go with this must-have piece ??"	4.7996E+13	https://totewears.com/collections/best-selling-%F0%9F%94%A5/products/bow-pink-crossbody	bestselling-001-57-00001.jpg | bestselling-001-57-00002.jpg | bestselling-001-57-00003.jpg
bestselling-001	58	BOW GREEN CROSSBODY	"Rs.2,800.00"	"Rs.2,299.00"	Save 18%	"Bow Crossbody Bag – Elegant & Chic ? Add a touch of grace to your everyday style with our beautifully designed Bow Crossbody Bag. Crafted from premium PU leather with a sleek glossy finish, this structured beauty features a bold oversized bow that instantly elevates your look. Perfect for brunch dates, evening outings, shopping trips, or daily wear — it blends femininity with functionality effortlessly. ?? SIZE CHART (APPROX.) Length Width Depth 6.5 Inches 9 Inches 3.5 Inches Product Details: • Material: High-quality PU Leather • Single main compartment • Inside pocket for extra organization • Adjustable long strap for comfortable crossbody wear Though compact in size, it comfortably holds your phone, wallet, cash, and daily essentials — keeping everything organized while you stay stylish. Make a subtle yet classy statement wherever you go with this must-have piece ??"	4.7996E+13	https://totewears.com/collections/best-selling-%F0%9F%94%A5/products/bow-pink-crossbody-1	bestselling-001-58-00001.jpg | bestselling-001-58-00002.jpg | bestselling-001-58-00003.jpg
bestselling-001	59	BOW CROSSBODY	"Rs.2,800.00"	"Rs.2,299.00"	Save 18%	"Bow Crossbody Bag – Elegant & Chic ? Add a touch of grace to your everyday style with our beautifully designed Bow Crossbody Bag. Crafted from premium PU leather with a sleek glossy finish, this structured beauty features a bold oversized bow that instantly elevates your look. Perfect for brunch dates, evening outings, shopping trips, or daily wear — it blends femininity with functionality effortlessly. ?? SIZE CHART (APPROX.) Length Width Depth 6.5 Inches 9 Inches 3.5 Inches Product Details: • Material: High-quality PU Leather • Single main compartment • Inside pocket for extra organization • Adjustable long strap for comfortable crossbody wear Though compact in size, it comfortably holds your phone, wallet, cash, and daily essentials — keeping everything organized while you stay stylish. Make a subtle yet classy statement wherever you go with this must-have piece ??"	4.7996E+13	https://totewears.com/collections/best-selling-%F0%9F%94%A5/products/bow-crossbody	bestselling-001-59-00001.jpg | bestselling-001-59-00002.jpg | bestselling-001-59-00003.jpg | bestselling-001-59-00004.jpg | bestselling-001-59-00005.jpg | bestselling-001-59-00006.jpg | bestselling-001-59-00007.jpg | bestselling-001-59-00008.jpg | bestselling-001-59-00009.jpg | bestselling-001-59-00010.jpg
bestselling-001	60	PEARL WHITE	"Rs.4,000.00"	"Rs.1,790.00"	Save 55%	"A compact and elegant crossbody bag with a pearl handle, designed for both hand carry and shoulder style — the perfect blend of luxury and versatility. Product Features: Size: Compact & chic – 7.5” (W) x 6” (H) Material: High-quality faux leather with a smooth finish Handles: Elegant pearl top handle with detachable gold chain strap Design: Sleek rounded flap secured with a magnetic closure Perfect For: Formal events, casual outings, or evening occasions Limited Stock!"	Default Title - Sold Out	https://totewears.com/collections/best-selling-%F0%9F%94%A5/products/pearl-white	bestselling-001-60-00001.jpg
bestselling-001	61	PEARL BLACK	"Rs.4,000.00"	"Rs.1,790.00"	Save 55%	"A compact and elegant crossbody bag with a pearl handle, designed for both hand carry and shoulder style — the perfect blend of luxury and versatility. Product Features: Size: Compact & chic – 7.5” (W) x 6” (H) Material: High-quality faux leather with a smooth finish Handles: Elegant pearl top handle with detachable gold chain strap Design: Sleek rounded flap secured with a magnetic closure Perfect For: Formal events, casual outings, or evening occasions Limited Stock!"	Default Title - Sold Out	https://totewears.com/collections/best-selling-%F0%9F%94%A5/products/pearl-black-1	bestselling-001-61-00001.jpg | bestselling-001-61-00002.jpg | bestselling-001-61-00003.jpg | bestselling-001-61-00004.jpg | bestselling-001-61-00005.jpg | bestselling-001-61-00006.jpg
bestselling-001	62	ZARINA CHAIN	"Rs.4,999.00"	"Rs.2,999.00"	Save 40%	"Make a bold yet classy statement with this Black Quilted Chain Tote – the perfect blend of elegance and everyday practicality. ? Designed with a spacious interior, this tote is ideal for daily use, office, university, or casual outings. The sleek quilted pattern paired with sturdy chain straps gives it a trendy Gen-Z luxe vibe while keeping it timeless and versatile. Measurements: Height Width Depth 11 inches 17 inches 3 inches It easily fits your wallet, phone, makeup pouch, diary, tablet, and other daily essentials — all while keeping your look effortlessly chic. ??"	4.80197E+13	https://totewears.com/collections/best-selling-%F0%9F%94%A5/products/zarina-chain	bestselling-001-62-00001.jpg | bestselling-001-62-00002.jpg | bestselling-001-62-00003.jpg | bestselling-001-62-00004.jpg | bestselling-001-62-00005.jpg | bestselling-001-62-00006.jpg | bestselling-001-62-00007.jpg | bestselling-001-62-00008.jpg
bestselling-001	63	TRAPEZE TOTE BEIGE	"Rs.4,999.00"	"Rs.3,199.00"	Save 36%	"Trapeze Tote Signature Tote An expression of refined elegance and modern sophistication. Designed for the woman who appreciates timeless luxury,Trapeze Tote Signature Tote blends minimalist aesthetics with elevated functionality. Expertly crafted from premium vegan leather, its smooth texture and structured silhouette create a polished statement suitable for both everyday wear and special occasions. The spacious interior is thoughtfully designed to accommodate your essentials with effortless organization, while the wide opening allows seamless access throughout your day. Clean lines, balanced proportions, and a graceful structure embody understated luxury — making this tote a versatile companion from work meetings to weekend outings. DESIGN & CRAFTSMANSHIP Crafted from high-quality vegan leather, the tote offers a soft yet durable finish that maintains its shape beautifully over time. The structured base enhances stability, ensuring elegance without compromising practicality. DIMENSIONS Width Top Length Bottom Length Height 20 in (50.8 cm) 15 in (38.1 cm) 10 in (25.4 cm) 12.5 in (31.7 cm) Timeless. Functional. Effortlessly Luxurious."	4.80388E+13	https://totewears.com/collections/best-selling-%F0%9F%94%A5/products/trapeze-tote-beige	bestselling-001-63-00001.jpg | bestselling-001-63-00002.jpg
bestselling-001	64	TRAPEZE TOTE MEROON	"Rs.4,999.00"	"Rs.3,199.00"	Save 36%	"Trapeze Tote Signature Tote An expression of refined elegance and modern sophistication. Designed for the woman who appreciates timeless luxury,Trapeze Tote Signature Tote blends minimalist aesthetics with elevated functionality. Expertly crafted from premium vegan leather, its smooth texture and structured silhouette create a polished statement suitable for both everyday wear and special occasions. The spacious interior is thoughtfully designed to accommodate your essentials with effortless organization, while the wide opening allows seamless access throughout your day. Clean lines, balanced proportions, and a graceful structure embody understated luxury — making this tote a versatile companion from work meetings to weekend outings. DESIGN & CRAFTSMANSHIP Crafted from high-quality vegan leather, the tote offers a soft yet durable finish that maintains its shape beautifully over time. The structured base enhances stability, ensuring elegance without compromising practicality. DIMENSIONS Width Top Length Bottom Length Height 20 in (50.8 cm) 15 in (38.1 cm) 10 in (25.4 cm) 12.5 in (31.7 cm) Timeless. Functional. Effortlessly Luxurious."	4.80388E+13	https://totewears.com/collections/best-selling-%F0%9F%94%A5/products/trapeze-tote-cerry	bestselling-001-64-00001.jpg | bestselling-001-64-00002.jpg
bestselling-001	65	TRAPEZE TOTE BLACK	"Rs.4,999.00"	"Rs.3,199.00"	Save 36%	"Trapeze Tote Signature Tote An expression of refined elegance and modern sophistication. Designed for the woman who appreciates timeless luxury,Trapeze Tote Signature Tote blends minimalist aesthetics with elevated functionality. Expertly crafted from premium vegan leather, its smooth texture and structured silhouette create a polished statement suitable for both everyday wear and special occasions. The spacious interior is thoughtfully designed to accommodate your essentials with effortless organization, while the wide opening allows seamless access throughout your day. Clean lines, balanced proportions, and a graceful structure embody understated luxury — making this tote a versatile companion from work meetings to weekend outings. DESIGN & CRAFTSMANSHIP Crafted from high-quality vegan leather, the tote offers a soft yet durable finish that maintains its shape beautifully over time. The structured base enhances stability, ensuring elegance without compromising practicality. DIMENSIONS Width Top Length Bottom Length Height 20 in (50.8 cm) 15 in (38.1 cm) 10 in (25.4 cm) 12.5 in (31.7 cm) Timeless. Functional. Effortlessly Luxurious."	4.80388E+13	https://totewears.com/collections/best-selling-%F0%9F%94%A5/products/trapeze-tote-black	bestselling-001-65-00001.jpg | bestselling-001-65-00002.jpg
bestselling-001	66	TRAPEZE TOTE BROWN	"Rs.4,999.00"	"Rs.3,199.00"	Save 36%	"Trapeze Tote Signature Tote An expression of refined elegance and modern sophistication. Designed for the woman who appreciates timeless luxury,Trapeze Tote Signature Tote blends minimalist aesthetics with elevated functionality. Expertly crafted from premium vegan leather, its smooth texture and structured silhouette create a polished statement suitable for both everyday wear and special occasions. The spacious interior is thoughtfully designed to accommodate your essentials with effortless organization, while the wide opening allows seamless access throughout your day. Clean lines, balanced proportions, and a graceful structure embody understated luxury — making this tote a versatile companion from work meetings to weekend outings. DESIGN & CRAFTSMANSHIP Crafted from high-quality vegan leather, the tote offers a soft yet durable finish that maintains its shape beautifully over time. The structured base enhances stability, ensuring elegance without compromising practicality. DIMENSIONS Width Top Length Bottom Length Height 20 in (50.8 cm) 15 in (38.1 cm) 10 in (25.4 cm) 12.5 in (31.7 cm) Timeless. Functional. Effortlessly Luxurious."	4.80388E+13	https://totewears.com/collections/best-selling-%F0%9F%94%A5/products/trapeze-tote-brown	bestselling-001-66-00001.jpg | bestselling-001-66-00002.jpg
bestselling-001	67	TRAPEZE TOTE	"Rs.4,999.00"	"Rs.3,199.00"	Save 36%	"Trapeze Tote Signature Tote An expression of refined elegance and modern sophistication. Designed for the woman who appreciates timeless luxury,Trapeze Tote Signature Tote blends minimalist aesthetics with elevated functionality. Expertly crafted from premium vegan leather, its smooth texture and structured silhouette create a polished statement suitable for both everyday wear and special occasions. The spacious interior is thoughtfully designed to accommodate your essentials with effortless organization, while the wide opening allows seamless access throughout your day. Clean lines, balanced proportions, and a graceful structure embody understated luxury — making this tote a versatile companion from work meetings to weekend outings. DESIGN & CRAFTSMANSHIP Crafted from high-quality vegan leather, the tote offers a soft yet durable finish that maintains its shape beautifully over time. The structured base enhances stability, ensuring elegance without compromising practicality. DIMENSIONS Width Top Length Bottom Length Height 20 in (50.8 cm) 15 in (38.1 cm) 10 in (25.4 cm) 12.5 in (31.7 cm) Timeless. Functional. Effortlessly Luxurious."	4.80389E+13	https://totewears.com/collections/best-selling-%F0%9F%94%A5/products/trapeze-tote-black-1	bestselling-001-67-00001.jpg | bestselling-001-67-00002.jpg | bestselling-001-67-00003.jpg | bestselling-001-67-00004.jpg | bestselling-001-67-00005.jpg | bestselling-001-67-00006.jpg | bestselling-001-67-00007.jpg | bestselling-001-67-00008.jpg | bestselling-001-67-00009.jpg
bestselling-001	68	GOLD GRACE	"Rs.4,850.00"	"Rs.2,000.00"	Save 59%	"?? GOLDEN GUL TOTE – PRODUCT DESCRIPTION Add a touch of desi elegance to your everyday style with the Golden Gul Tote. Inspired by traditional floral aesthetics and warm golden tones, this tote blends timeless charm with modern practicality. Crafted for both beauty and comfort, its structured design and spacious interior make it perfect for daily use — whether you're heading to work, shopping, university, or a casual outing. ?? SIZE CHART (IN INCHES) Length Width Depth 13 16 4 ? Why You’ll Love It Elegant floral desi aesthetic design Lightweight yet durable structure Spacious interior for everyday essentials Comfortable shoulder handles Perfect for daily wear & festive looks ?? Style Tip: Pair the Golden Gul Tote with eastern outfits or neutral western wear for an effortlessly graceful look. ?? Perfect For: Daily use • Shopping • Office • University • Casual outings • Eid & festive wear"	4.81734E+13	https://totewears.com/collections/best-selling-%F0%9F%94%A5/products/golden-gul	bestselling-001-68-00001.jpg | bestselling-001-68-00002.jpg | bestselling-001-68-00003.jpg | bestselling-001-68-00004.jpg | bestselling-001-68-00005.jpg
bestselling-001	69	SUNFLOWER	"Rs.4,800.00"	"Rs.1,999.00"	Save 58%	"?Sunflower Tote Bag ? Add a touch of elegance to your everyday look with this beautifully designed Sunflower floral tote bag. Featuring a rich mustard-gold base with delicate multi-color floral prints, this bag is the perfect blend of traditional charm and modern style. ?? SIZE CHART (IN INCHES) Length Width Depth 13 16 4 ?? Features: • Spacious interior to carry all your daily essentials • Durable double handles for a comfortable grip • Premium quality fabric with a soft textured finish • Elegant floral pattern – perfect for casual and semi-formal occasions ?? Whether you're going to a café, university, or a day out, this bag brings a classy and graceful vibe to your outfit. ?? Style Tip: Pair it with simple or neutral outfits to make the bag stand out as a statement piece."	4.82176E+13	https://totewears.com/collections/best-selling-%F0%9F%94%A5/products/sunflower	bestselling-001-69-00001.jpg | bestselling-001-69-00002.jpg | bestselling-001-69-00003.jpg
bestselling-001	70	LUXE DOT BROWN	"Rs.2,799.00"	"Rs.1,899.00"	Save 32%	"Luxe Dot Mini Handbag – Classic Brown Edition ??? Timeless, elegant, and effortlessly stylish — the Dot Luxe Mini Handbag is designed for women who love soft neutral tones with a luxury feel. Featuring a warm brown textured body paired with a chic beige handle and strap, this bag delivers a sophisticated and versatile look for any occasion. Its structured mini silhouette gives a polished designer vibe, while the signature round front detail adds a subtle yet distinctive touch. Finished with elegant gold-tone hardware, this bag is perfect for everyday wear and refined outings. ?? Size Chart (in inches) Length Width Depth 5 8.5 2.5 Compact yet spacious — ideal for phone, cash, cards & small essentials. ?? Key Features • Premium textured PU leather (soft & durable) • Elegant brown + beige dual-tone design • Luxury gold-tone hardware • Sturdy top handle for a classy look • Adjustable & detachable crossbody strap • Magnetic flap + secure zip closure • Lightweight with structured shape ?? Perfect For Daily wear • Brunch • Casual outings • Minimal chic looks ?? Care Instructions • Wipe with a soft damp cloth • Avoid water & harsh chemicals • Do not overfill • Store in a dust bag"	4.82483E+13	https://totewears.com/collections/best-selling-%F0%9F%94%A5/products/luxe-dot-brown	bestselling-001-70-00001.jpg | bestselling-001-70-00002.jpg | bestselling-001-70-00003.jpg | bestselling-001-70-00004.jpg | bestselling-001-70-00005.jpg
bestselling-001	71	LUXE DOT BLACK	"Rs.2,799.00"	"Rs.1,899.00"	Save 32%	"Luxe Dot Mini Handbag – Bold Black Edition ???? Step into effortless elegance with the Dot Luxe Mini Handbag, designed for women who love bold contrast and modern style. Featuring a sleek black textured body paired with striking red accents, this bag creates a powerful and stylish statement. The structured silhouette gives it a luxury designer feel, while the signature round red detail on the front adds a unique and eye-catching touch. Finished with gold-tone hardware, this handbag is perfect for elevating both casual and evening looks. ?? Size Chart (in inches) Length Width Depth 5 8.5 2.5 ?? Key Features • Premium textured PU leather (durable & stylish) • Elegant black body with bold red contrast • Luxury gold-tone hardware • Sturdy top handle for a classy look • Adjustable & detachable red strap • Magnetic flap + secure zip closure • Lightweight with structured design ?? Perfect For Daily wear • Dinner dates • Parties • Evening outings ?? Care Instructions • Wipe with a soft damp cloth • Avoid water & harsh chemicals • Do not overfill • Store in a dust bag"	4.82483E+13	https://totewears.com/collections/best-selling-%F0%9F%94%A5/products/luxe-dot-black	bestselling-001-71-00001.jpg | bestselling-001-71-00002.jpg | bestselling-001-71-00003.jpg | bestselling-001-71-00004.jpg | bestselling-001-71-00005.jpg
bestselling-001	72	LUXE DOT MAROON	"Rs.2,799.00"	"Rs.1,899.00"	Save 32%	"Luxe Dot Handbag – Chic. Compact. Statement. ? Turn heads with the Dot Luxe Handbag, designed for women who love minimal elegance with a playful twist. Made from premium textured PU leather, this bag features a sleek matte finish paired with soft pink accents that instantly elevate your look. Its structured silhouette gives a polished, luxury feel, while the lightweight design ensures all-day comfort. Whether styled as a handbag or worn crossbody, it’s your perfect companion for effortless everyday fashion. ?? Size Chart (in inches) Length Width Depth 5 8.5 2.5 ?? Key Features • High-quality textured PU leather (durable & soft feel) • Elegant maroon+ beige dual-tone design • Premium gold-tone hardware for a luxe finish • Sturdy top handle for a classy look • Adjustable & detachable strap for crossbody use • Magnetic front flap with secure zip closure • Lightweight with a structured shape ?? Style It For Daily wear • Brunch dates • Casual outings • Evening looks ?? Care Guide • Wipe with a soft damp cloth • Avoid water, bleach & harsh chemicals • Do not overfill to maintain shape • Store in dust bag when not in use"	4.82483E+13	https://totewears.com/collections/best-selling-%F0%9F%94%A5/products/luxe-dot-maroon	bestselling-001-72-00001.jpg | bestselling-001-72-00002.jpg | bestselling-001-72-00003.jpg | bestselling-001-72-00004.jpg | bestselling-001-72-00005.jpg | bestselling-001-72-00006.jpg
bestselling-001	73	CANDY VIBES	"Rs.4,800.00"	"Rs.1,990.00"	Save 59%	"? PREMIUM CANDY VIBES TOTE BAG FOR WOMEN This premium canvas tote bag is designed for women who love classy, artistic, and floral styles. Bring nature’s melody wherever you go with The Chirping Garden tote bag. Featuring vibrant tropical birds nestled among lush green foliage, this beautifully illustrated bag captures the harmony of nature in full bloom. Each detail celebrates color, life, and effortless style.this tote offers elegant symmetrical detailing for a truly timeless and eye-catching look. Lightweight yet highly durable, it’s perfect for daily use, university, office, travel, and shopping. The strong knotted double handles and structured finishing make it both stylish and long-lasting. A secure zip closure keeps your belongings safe, while the spacious interior with an inside pocket easily fits your books, laptop/tablet, wallet, and daily essentials. ?? SIZE CHART (IN INCHES) Length Width Depth 13 16 4 ?? KEY FEATURES Premium thick canvas material High-quality artistic floral & folk prints Secure zip closure Strong knotted double handles Spacious interior with inside pocket Fits books, laptop/tablet, wallet & accessories Lightweight, durable & eco-friendly Stylish yet practical for everyday use ?? CARE INSTRUCTIONS Gently wipe with a soft damp cloth when needed Avoid machine wash to maintain print quality Do not soak in water or use bleach Store in a cool, dry place Keep away from sharp objects to prevent scratches"	4.84026E+13	https://totewears.com/collections/best-selling-%F0%9F%94%A5/products/candy-vibes	bestselling-001-73-00001.jpg | bestselling-001-73-00002.jpg
bestselling-001	74	GILDED WEAVE	"Rs.4,800.00"	"Rs.2,200.00"	Save 54%	"? PREMIUM GILDED WEAVE TOTE BAG FOR WOMEN This premium canvas tote bag is designed for women who love classy, artistic, and floral styles. Bring nature’s melody wherever you go with The Chirping Garden tote bag. Featuring vibrant tropical birds nestled among lush green foliage, this beautifully illustrated bag captures the harmony of nature in full bloom. Each detail celebrates color, life, and effortless style.this tote offers elegant symmetrical detailing for a truly timeless and eye-catching look. Lightweight yet highly durable, it’s perfect for daily use, university, office, travel, and shopping. The strong knotted double handles and structured finishing make it both stylish and long-lasting. A secure zip closure keeps your belongings safe, while the spacious interior with an inside pocket easily fits your books, laptop/tablet, wallet, and daily essentials. ?? SIZE CHART (IN INCHES) Length Width Depth 13 16 4 ?? KEY FEATURES Premium thick canvas material High-quality artistic floral & folk prints Secure zip closure Strong knotted double handles Spacious interior with inside pocket Fits books, laptop/tablet, wallet & accessories Lightweight, durable & eco-friendly Stylish yet practical for everyday use ?? CARE INSTRUCTIONS Gently wipe with a soft damp cloth when needed Avoid machine wash to maintain print quality Do not soak in water or use bleach Store in a cool, dry place Keep away from sharp objects to prevent scratches"	4.84611E+13	https://totewears.com/collections/best-selling-%F0%9F%94%A5/products/gilded-weave	bestselling-001-74-00001.jpg | bestselling-001-74-00002.jpg | bestselling-001-74-00003.jpg | bestselling-001-74-00004.jpg
